date,time,url,user_agent,source
"2025-07-14","09:06:24","/","","91.224.92.17"
"2025-07-14","09:06:24","/cgi-bin/luci/;stok=/locale","","89.42.231.140"
"2025-07-14","09:06:24","/","Mozilla/5.0 (Windows NT 10.0; Win64; x64) AppleWebKit/537.36 (KHTML, like Gecko) Chrome/131.0.6778.140 Safari/537.36","149.50.96.5"
"2025-07-14","09:06:24","/cgi-bin/luci/;stok=/locale","","45.194.66.13"
"2025-07-14","09:06:24","/","Mozilla/5.0 (Windows NT 10.0; Win64; x64) AppleWebKit/537.36 (KHTML, like Gecko) Chrome/90.0.4430.85 Safari/537.36 Edg/90.0.818.46","204.76.203.219"
"2025-07-14","09:06:24","/","Mozilla/5.0 (Windows NT 10.0; Win64; x64) AppleWebKit/537.36 (KHTML, like Gecko) Chrome/90.0.4430.85 Safari/537.36 Edg/90.0.818.46","45.194.66.7"
"2025-07-14","09:06:24","/","","123.58.209.243"
"2025-07-14","09:06:24","/","","165.154.206.35"
"2025-07-14","09:06:24","/","Mozilla/5.0 (Windows NT 10.0; Win64; x64) AppleWebKit/537.36 (KHTML, like Gecko) Chrome/108.0.0.0 Safari/537.36","142.93.209.65"
"2025-07-14","09:06:24","/","","68.69.186.238"
"2025-07-14","09:06:24","/favicon.ico","Mozilla/5.0 (compatible; CensysInspect/1.1; +https://about.censys.io/)","167.94.145.99"
"2025-07-14","09:06:24","/","Mozilla/5.0 (Windows NT 10.0; Win64; x64) AppleWebKit/537.36 (KHTML, like Gecko) Chrome/108.0.0.0 Safari/537.36","167.99.191.155"
"2025-07-14","09:06:24","/","Mozilla/5.0 (Macintosh; Intel Mac OS X 10_15_7) Chrome/126.0.0.0 Safari/537.36","3.130.96.91"
"2025-07-14","09:06:24","/favicon.ico","Mozilla/5.0 (compatible; CensysInspect/1.1; +https://about.censys.io/)","206.168.34.85"
"2025-07-14","09:06:24","/","Mozilla/5.0 (Macintosh; Intel Mac OS X 10_15_7) Chrome/126.0.0.0 Safari/537.36","3.143.33.63"
"2025-07-14","09:06:24","/cgi-bin/index.html","Mozilla/5.0 (Windows NT 10.0; Win64; x64) AppleWebKit/537.36 (KHTML, like Gecko) Chrome/131.0.6778.140 Safari/537.36","149.50.96.5"
"2025-07-14","09:06:24","/favicon.ico","Mozilla/5.0 (compatible; CensysInspect/1.1; +https://about.censys.io/)","167.94.146.53"
"2025-07-14","09:06:24","/SDK/webLanguage","Mozilla/5.0 (Windows NT 10.0; Win64; x64) AppleWebKit/537.36 (KHTML, like Gecko) Chrome/131.0.6778.140 Safari/537.36","87.121.84.130"
"2025-07-14","09:06:24","/favicon.ico","Mozilla/5.0 (compatible; CensysInspect/1.1; +https://about.censys.io/)","199.45.154.129"
"2025-07-14","09:06:24","/setup.cgi","python-requests/2.32.4","176.65.148.80"
"2025-07-14","09:06:24","/favicon.ico","Mozilla/5.0 (compatible; CensysInspect/1.1; +https://about.censys.io/)","206.168.34.78"
"2025-07-14","09:06:24","/","Mozilla/5.0 (Macintosh; Intel Mac OS X 10_15_7) Chrome/126.0.0.0 Safari/537.36","3.132.23.201"
"2025-07-14","09:06:24","/","curl/7.88.1","59.13.196.77"
"2025-07-14","09:06:24","/cgi-bin/luci/;stok=/locale","Mozilla/5.0 (Windows NT 10.0; Win64; x64) AppleWebKit/537.36 (KHTML, like Gecko) Chrome/138.0.0.0 Safari/537.36","149.50.96.5"
"2025-07-14","09:06:24","/favicon.ico","Mozilla/5.0 (compatible; CensysInspect/1.1; +https://about.censys.io/)","206.168.34.61"
"2025-07-14","09:06:24","/t4","Mozilla/5.0","209.38.88.47"
"2025-07-14","09:06:24","/","Mozilla/5.0 (Macintosh; Intel Mac OS X 10_15_7) AppleWebKit/537.36 (KHTML, like Gecko) Chrome/96.0.4664.110 Safari/537.36","111.7.96.181"
"2025-07-14","09:06:24","/app_dev.php/_profiler/phpinfo","Opera/9.80 (Linux mips; ) Presto/2.12.407 Version/12.51 MB97/0.39.24.3 (DIGIHOME, Mxl661L32, wireless) VSTVB_MB97  SmartTvA/3.0.0","78.153.140.203"
"2025-07-14","09:06:24","/developmentserver/metadatauploader","Mozilla/5.0 zgrab/0.x","20.168.122.6"
"2025-07-14","09:06:24","/","Mozilla/5.0 zgrab/0.x","171.22.16.88"
"2025-07-14","09:06:24","/favicon.ico","Mozilla/5.0 (X11; CrOS x86_64 8172.45.0) AppleWebKit/537.36 (KHTML, like Gecko) Chrome/51.0.2704.64 Safari/537.36","93.123.109.22"
"2025-07-14","09:06:24","www.shadowserver.org:443","Mozilla/5.0 (Macintosh; Intel Mac OS X 10_15_7) AppleWebKit/605.1.15 (KHTML, like Gecko) Version/15.6.1 Safari/605.1.15","65.49.20.100"
"2025-07-14","09:06:24","/.well-known/security.txt","Mozilla/5.0 (compatible; CensysInspect/1.1; +https://about.censys.io/)","206.168.34.85"
"2025-07-14","09:06:24","/","Mozilla/5.0 (compatible; CensysInspect/1.1; +https://about.censys.io/)","206.168.34.78"
"2025-07-14","09:06:24","/cgi-bin/login","Mozilla/5.0 (Macintosh; Intel Mac OS X 10_7_0) AppleWebKit/535.11 (KHTML, like Gecko) Chrome/17.0.963.56 Safari/535.11","156.229.21.54"
"2025-07-14","09:06:24","/1.php","Mozilla/5.0 (Windows NT 10.0; Win64; x64) AppleWebKit/537.36 (KHTML, like Gecko) Chrome/108.0.0.0 Safari/537.36","209.38.88.47"
"2025-07-14","09:06:24","/static/js/4967.ea02da353bc65fa59bb1.js","Mozilla/5.0 (Macintosh; Intel Mac OS X 11_0_0) AppleWebKit/537.36 (KHTML, like Gecko) Chrome/87.0.4280.88 Safari/537.36","111.7.96.181"
"2025-07-14","09:06:24","/config/.env","Opera/9.52 (Windows NT 5.0; U; en)","78.153.140.203"
"2025-07-14","09:06:24","/","Mozilla/5.0","149.50.96.5"
"2025-07-14","09:06:24","/","Mozilla/5.0 (Windows NT 10.0; Win64; x64; rv:65.0) Gecko/20100101 Firefox/65.0","194.187.179.218"
"2025-07-14","09:06:24","/cgi-bin/login","Mozilla/5.0 (Windows NT 6.1) AppleWebKit/537.36 (KHTML, like Gecko) Chrome/41.0.2228.0 Safari/537.36","94.102.49.193"
"2025-07-14","09:06:24","/wiki","Mozilla/5.0 (compatible; CensysInspect/1.1; +https://about.censys.io/)","206.168.34.78"
"2025-07-14","09:06:24","/sitemap.xml","Mozilla/5.0 (Macintosh; Intel Mac OS X 10_7_0) AppleWebKit/535.11 (KHTML, like Gecko) Chrome/17.0.963.56 Safari/535.11","156.229.21.54"
"2025-07-14","09:06:24","/config.json","Mozilla/5.0 (Macintosh; Intel Mac OS X 10_7_0) AppleWebKit/535.11 (KHTML, like Gecko) Chrome/17.0.963.56 Safari/535.11","156.229.21.54"
"2025-07-14","09:06:24","/SDK/webLanguage","Mozilla/5.0 (Windows NT 10.0; Win64; x64) AppleWebKit/537.36 (KHTML, like Gecko) Chrome/131.0.6778.140 Safari/537.36","149.50.96.5"
"2025-07-14","09:06:24","/.env.save.1","Mozilla/5.0 (iPhone; CPU iPhone OS 10_3_3 like Mac OS X) AppleWebKit/603.3.6 (KHTML, like Gecko) Version/10.0 Mobile/14G57 Safari/602.1","78.153.140.203"
"2025-07-14","09:06:24","/","","185.169.4.150"
"2025-07-14","09:06:24","/version","","165.154.206.35"
"2025-07-14","09:06:24","/","","167.94.146.53"
"2025-07-14","09:06:24","/","Mozilla/5.0 (X11; Linux x86_64) AppleWebKit/537.36 (KHTML, like Gecko) Chrome/81.0.4044.129 Safari/537.36","80.94.95.214"
"2025-07-14","09:06:24","/page/style/index.css","Mozilla/5.0 (Windows NT 10.0; Win64; x64) AppleWebKit/537.36 (KHTML, like Gecko) Chrome/131.0.6778.140 Safari/537.36","149.50.96.5"
"2025-07-14","09:06:24","/","Mozilla/5.0 (Windows NT 10.0; Win64; x64) AppleWebKit/537.36 (KHTML, like Gecko) Chrome/60.0.3112.113 Safari/537.36","45.156.130.47"
"2025-07-14","09:06:24","/","Mozilla/5.0 (Windows NT 10.0; Win64; x64; rv:109.0) Gecko/20100101 Firefox/118.0","68.183.97.63"
"2025-07-14","09:06:24","/manager/text/list","Mozilla/5.0 zgrab/0.x","20.84.61.38"
"2025-07-14","09:06:24","/","Mozilla/5.0 zgrab/0.x","135.237.126.194"
"2025-07-14","09:06:24","/API/.env","Mozilla/5.0 (Linux; U; Android 2.2; en-sa; HTC_DesireHD_A9191 Build/FRF91) AppleWebKit/533.1 (KHTML, like Gecko) Version/4.0 Mobile Safari/533.1","78.153.140.203"
"2025-07-14","09:06:24","/","Mozilla/5.0 (Debian; Linux i686; rv:127.0) Gecko/20100101 Firefox/127.0","34.55.102.107"
"2025-07-14","09:06:24","/favicon.ico","Mozilla/5.0 (Windows NT 10.0; Win64; x64) AppleWebKit/537.36 (KHTML, like Gecko) Chrome/123.0.0.0 Safari/537.36","64.62.197.220"
"2025-07-14","09:06:24","/sitemap.xml","Mozilla/5.0 (compatible; CensysInspect/1.1; +https://about.censys.io/)","167.94.146.53"
"2025-07-14","09:06:24","/cgi-bin/login","Mozilla/5.0 (Windows NT 6.1; WOW64; rv:53.0) Gecko/20100101 Firefox/53.0","47.237.137.157"
"2025-07-14","09:06:24","/api/.env","Mozilla/5.0 (iPhone; CPU iPhone OS 10_0 like Mac OS X) AppleWebKit/602.1.50 (KHTML, like Gecko) Version/10.0 Mobile/14A345 Safari/602.1","78.153.140.203"
"2025-07-14","09:06:24","/","Mozilla/5.0 (Windows NT 10.0; WOW64) AppleWebKit/537.36 (KHTML, like Gecko) Chrome/51.0.2704.103 Safari/537.36","85.185.218.83"
"2025-07-14","09:06:24","/","Mozilla/5.0 zgrab/0.x","178.128.84.112"
"2025-07-14","09:06:24","/","Mozilla/5.0 (Windows NT 10.0; Win64; x64) AppleWebKit/537.36 (KHTML, like Gecko) Chrome/120.0.6099.224 Safari/537.36","65.49.20.68"
"2025-07-14","09:06:24","/login","Mozilla/5.0 (compatible; CensysInspect/1.1; +https://about.censys.io/)","199.45.154.129"
"2025-07-14","09:06:24","/","Hello World","45.194.66.7"
"2025-07-14","09:06:24","/","Mozilla/5.0 (compatible; CensysInspect/1.1; +https://about.censys.io/)","206.168.34.61"
"2025-07-14","09:06:24","/cgi-bin/login","Mozilla/5.0 (Windows NT 6.1) AppleWebKit/537.36 (KHTML, like Gecko) Chrome/49.0.2623.112 Safari/537.36","101.36.118.228"
"2025-07-14","09:06:24","/","Mozilla/5.0 (X11; Ubuntu; Linux x86_64; rv:123.0) Gecko/20100101 Firefox/123.0","64.62.197.212"
"2025-07-14","09:06:24","/upl.php","Mozilla/5.0","209.38.88.47"
"2025-07-14","09:06:24","/","curl/7.64.1","47.251.93.125"
"2025-07-14","09:06:24","/.env.example","Opera/9.80 (Windows NT 6.1; U; fi) Presto/2.7.62 Version/11.00","78.153.140.203"
"2025-07-14","09:06:24","/login.asp","","149.50.96.5"
"2025-07-14","09:06:24","/","Mozilla/5.0 zgrab/0.x","194.0.234.107"
"2025-07-14","09:06:24","/","Mozilla/5.0 (X11; CrOS x86_64 8172.45.0) AppleWebKit/537.36 (KHTML, like Gecko) Chrome/51.0.2704.64 Safari/537.36","93.123.109.22"
"2025-07-14","09:06:24","http://api.ipify.org/","Mozilla/5.0 (Macintosh; Intel Mac OS X 10_15_7) AppleWebKit/605.1.15 (KHTML, like Gecko) Version/15.6.1 Safari/605.1.15","65.49.20.108"
"2025-07-14","09:06:24","/","Mozilla/5.0 (Macintosh; Intel Mac OS X 10_15_7) AppleWebKit/537.36 (KHTML, like Gecko) Chrome/120.0.0.0 Safari/537.36 Edg/120.0.0.0","156.229.21.54"
"2025-07-14","09:06:24","/get.php","Mozilla/5.0 (Windows NT 6.1; WOW64; Trident/7.0; rv:11.0) like Gecko","142.93.209.65"
"2025-07-14","09:06:24","/favicon.ico","Mozilla/5.0 (Windows NT 10.0; Win64; x64) AppleWebKit/537.36 (KHTML, like Gecko) Chrome/108.0.0.0 Safari/537.36","209.38.88.47"
"2025-07-14","09:06:24","/cgi-bin/login","Mozilla/5.0 (Macintosh; Intel Mac OS X 11_0_0) AppleWebKit/537.36 (KHTML, like Gecko) Chrome/87.0.4280.88 Safari/537.36","111.7.96.181"
"2025-07-14","09:06:24","/crm/.env","Mozilla/5.0 (Macintosh; Intel Mac OS X 10_13_1) AppleWebKit/537.36 (KHTML, like Gecko) Version/11.0.1 Safari/602.4.8","78.153.140.203"
"2025-07-14","09:06:24","/","python-requests/2.32.4","216.173.65.122"
"2025-07-14","09:06:24","/","Mozilla/5.0 (Windows NT 10.0; Win64; x64) AppleWebKit/537.36 (KHTML, like Gecko) Chrome/136.0.0.0 Safari/537.36","146.70.193.14"
"2025-07-14","09:06:24","/","Mozilla/5.0 (Windows NT 6.1) AppleWebKit/537.36 (KHTML, like Gecko) Chrome/41.0.2228.0 Safari/537.36","94.102.49.193"
"2025-07-14","09:06:24","/","Mozilla/5.0 (compatible; CensysInspect/1.1; +https://about.censys.io/)","167.94.145.99"
"2025-07-14","09:06:24","196.251.83.215:80","","196.251.83.215"
"2025-07-14","09:06:24","/robots.txt","Mozilla/5.0 (Macintosh; Intel Mac OS X 10_7_0) AppleWebKit/535.11 (KHTML, like Gecko) Chrome/17.0.963.56 Safari/535.11","156.229.21.54"
"2025-07-14","09:06:24","/static/js/app.8770450c4c01bd9aab11.js","Go-http-client/1.1","156.229.21.54"
"2025-07-14","09:06:24","/password.php","Mozilla/5.0 (Windows NT 10.0; Win64; x64) AppleWebKit/537.36 (KHTML, like Gecko) Chrome/108.0.0.0 Safari/537.36","209.38.88.47"
"2025-07-14","09:06:24","/favicon.ico","Mozilla/5.0 (Macintosh; Intel Mac OS X 10_15_7) AppleWebKit/537.36 (KHTML, like Gecko) Chrome/96.0.4664.110 Safari/537.36","111.7.96.181"
"2025-07-14","09:06:24","/images/.env","Mozilla/5.0 (Linux; U; Android 4.0.4; en-us; Hydro Build/IMM76I) AppleWebKit/534.30 (KHTML, like Gecko) Version/4.0 Mobile Safari/534.30","78.153.140.203"
"2025-07-14","09:06:24","/.git/config","Mozilla/5.0; Keydrop.io/1.0(onlyscans.com/about);","134.199.233.12"
"2025-07-14","09:06:24","/cgi-bin/login","Mozilla/5.0 (Windows NT 6.2; Win64; x64; rv:109.0) Gecko/20100101 Firefox/115.0","64.62.197.212"
"2025-07-14","09:06:24","/","","66.240.192.138"
"2025-07-14","09:06:24","/.env","Mozilla/5.0 (X11; Linux x86_64) AppleWebKit/537.36 (KHTML, like Gecko) Chrome/81.0.4044.129 Safari/537.36","80.94.95.214"
"2025-07-14","09:06:24","/","Mozilla/5.0 (Windows NT 10.0; Win64; x64) AppleWebKit/537.36 (KHTML, like Gecko) Chrome/136.0.0.0 Safari/537.36","54.210.194.93"
"2025-07-14","09:06:24","/favicon.ico","Mozilla/5.0 (Windows NT 10.0; Win64; x64; rv:65.0) Gecko/20100101 Firefox/65.0","194.187.176.240"
"2025-07-14","09:06:24","/","python-requests/2.32.4","34.79.200.193"
"2025-07-14","09:06:24","/","Mozilla/5.0 (Windows NT 10.0; Win64; x64) AppleWebKit/537.36 (KHTML, like Gecko) Chrome/134.0.0.0 Safari/537.36","71.6.232.25"
"2025-07-14","09:06:24","/boaform/admin/formLogin","Mozilla/5.0 (X11; Ubuntu; Linux x86_64; rv:71.0) Gecko/20100101 Firefox/71.0","176.65.148.250"
"2025-07-14","09:06:24","/","Mozilla/5.0 (Windows NT 6.1; WOW64) AppleWebKit/537.36 (KHTML, like Gecko) Chrome/52.0.2743.116 Safari/537.36","194.154.79.122"
"2025-07-14","09:06:24","/library/.env","Mozilla/5.0 (Windows NT 6.2; Win64; x64; Trident/7.0; LCTE; rv:11.0) like Gecko","78.153.140.203"
"2025-07-14","09:06:24","/","Hello from Palo Alto Networks, find out more about our scans in https://docs-cortex.paloaltonetworks.com/r/1/Cortex-Xpanse/Scanning-activity","198.235.24.220"
"2025-07-14","09:06:24","/version","","123.58.209.243"
"2025-07-14","09:06:24","/v1","","165.154.206.35"
"2025-07-14","09:06:24","/userRpmNatDebugRpm26525557/start_art.html","Mozilla/5.0 (Windows NT 10.0; Win64; x64) AppleWebKit/537.36 (KHTML, like Gecko) Chrome/131.0.6778.140 Safari/537.36","149.50.96.5"
"2025-07-14","09:06:24","/.env","Mozilla/5.0 (X11; U; Linux x86_64; en-US; rv:1.9.0.6) Gecko/2009012700 SUSE/3.0.6-1.4 Firefox/3.0.6","78.153.140.203"
"2025-07-14","09:06:24","/","Mozilla/5.0 (Windows NT 10.0; Win64; x64) AppleWebKit/537.36 (KHTML, like Gecko) Chrome/78.0.3904.108 Safari/537.36","79.124.58.198"
"2025-07-14","09:06:24","/get.php","Mozilla/5.0 (Windows NT 6.1; WOW64; Trident/7.0; rv:11.0) like Gecko","167.99.191.155"
"2025-07-14","09:06:24","/aab8","Mozilla/5.0 zgrab/0.x","178.128.84.112"
"2025-07-14","09:06:24","/blogs/.env","Mozilla/5.0 (X11; CrOS armv7l 7262.57.0) AppleWebKit/537.36 (KHTML, like Gecko) Chrome/45.0.2454.98 Safari/537.36","78.153.140.203"
"2025-07-14","09:06:24","/","Mozilla/5.0 (Linux; Android 7.1.2; Nexus 6P Build/N2G48C) AppleWebKit/537.36 (KHTML, like Gecko) Chrome/60.0.3112.107 Mobile Safari/537.36","93.174.93.12"
"2025-07-14","09:06:24","/","Mozilla/5.0 (Windows NT 6.1) AppleWebKit/537.36 (KHTML, like Gecko) Chrome/49.0.2623.112 Safari/537.36","101.36.118.228"
"2025-07-14","09:06:24","/geoserver/web/","Mozilla/5.0 (X11; Ubuntu; Linux x86_64; rv:123.0) Gecko/20100101 Firefox/123.0","64.62.197.212"
"2025-07-14","09:06:24","/","Mozilla/5.0 (Windows NT 6.1; WOW64; rv:53.0) Gecko/20100101 Firefox/53.0","47.237.137.157"
"2025-07-14","09:06:24","/auth1.html","curl/7.75.0","47.237.137.157"
"2025-07-14","09:06:24","/admin/.env","Mozilla/5.0 (Linux; U; Android 4.4.2; en-us; SAMSUNG-SM-T217A Build/KOT49H) AppleWebKit/534.30 (KHTML, like Gecko) Version/4.0 Safari/534.30","78.153.140.203"
"2025-07-14","09:06:24","/actuator/gateway/routes","Mozilla/5.0 (Windows NT 10.0; Win64; x64) AppleWebKit/537.36 (KHTML, like Gecko) Chrome/78.0.3904.108 Safari/537.36","79.124.58.198"
"2025-07-14","09:06:24","/","Hello from Palo Alto Networks, find out more about our scans in https://docs-cortex.paloaltonetworks.com/r/1/Cortex-Xpanse/Scanning-activity","205.210.31.141"
"2025-07-14","09:06:24","/favicon.ico","Mozilla/5.0 (Macintosh; Intel Mac OS X 10_11_2) AppleWebKit/601.3.9 (KHTML, like Gecko) Version/9.0.2 Safari/601.3.9","93.123.109.22"
"2025-07-14","09:06:24","/favicon.ico","Mozilla/5.0 (X11; Linux x86_64; rv:102.0) Gecko/20100101 Firefox/102.0","65.49.20.88"
"2025-07-14","09:06:24","/","Mozilla/5.0 (compatible; CensysInspect/1.1; +https://about.censys.io/)","206.168.34.85"
"2025-07-14","09:06:24","/","Mozilla/5.0 (Windows NT 10.0; WOW64) AppleWebKit/537.36 (KHTML, like Gecko) Chrome/52.0.2743.116 Safari/537.36","168.195.208.160"
"2025-07-14","09:06:24","/wiki","Mozilla/5.0 (compatible; CensysInspect/1.1; +https://about.censys.io/)","206.168.34.61"
"2025-07-14","09:06:24","/favicon.ico","Mozilla/5.0 (Windows NT 6.1) AppleWebKit/537.36 (KHTML, like Gecko) Chrome/49.0.2623.112 Safari/537.36","101.36.118.228"
"2025-07-14","09:06:24","/form.html","curl/8.1.2","209.38.88.47"
"2025-07-14","09:06:24","/download/powershell/","Mozilla/5.0 (Windows NT 6.1; WOW64; Trident/7.0; rv:11.0) like Gecko","142.93.209.65"
"2025-07-14","09:06:24","/geoip/","Mozilla/5.0 (Windows NT 10.0; Win64; x64) AppleWebKit/537.36 (KHTML, like Gecko) Chrome/108.0.0.0 Safari/537.36","209.38.88.47"
"2025-07-14","09:06:24","/","Mozilla/5.0 (Macintosh; Intel Mac OS X 11_0_0) AppleWebKit/537.36 (KHTML, like Gecko) Chrome/87.0.4280.88 Safari/537.36","111.7.96.181"
"2025-07-14","09:06:24","/","Mozilla/5.0 (X11; CrOS x86_64 9901.77.0) AppleWebKit/537.36 (KHTML, like Gecko) Chrome/62.0.3202.97 Safari/537.36","78.153.140.203"
"2025-07-14","09:06:24","/boaform/admin/formLogin","Mozilla/5.0 (X11; Ubuntu; Linux x86_64; rv:71.0) Gecko/20100101 Firefox/71.0","77.221.134.93"
"2025-07-14","09:06:24","http://clientapi.ipip.net/echo.php","Mozilla/5.0 (Windows NT 10.0; WOW64)","103.203.57.26"
"2025-07-14","09:06:24","/favicon.ico","Mozilla/5.0 (Macintosh; Intel Mac OS X 10_7_0) AppleWebKit/535.11 (KHTML, like Gecko) Chrome/17.0.963.56 Safari/535.11","156.229.21.54"
"2025-07-14","09:06:24","/","","35.245.47.157"
"2025-07-14","09:06:24","/systembc/password.php","Mozilla/5.0 (Windows NT 10.0; Win64; x64) AppleWebKit/537.36 (KHTML, like Gecko) Chrome/108.0.0.0 Safari/537.36","209.38.88.47"
"2025-07-14","09:06:24","/static/js/app.8770450c4c01bd9aab11.js","Mozilla/5.0 (Macintosh; Intel Mac OS X 11_0_0) AppleWebKit/537.36 (KHTML, like Gecko) Chrome/87.0.4280.88 Safari/537.36","111.7.96.181"
"2025-07-14","09:06:24","/debug/default/view","Mozilla/5.0 (Windows; U; Windows NT 6.1; en-US) AppleWebKit/532.2 (KHTML, like Gecko) Chrome/4.0.222.3 Safari/532.2","78.153.140.203"
"2025-07-14","09:06:24","/.env","Mozilla/5.0; Keydrop.io/1.0(onlyscans.com/about);","134.199.233.12"
"2025-07-14","09:06:24","/favicon.ico","Mozilla/5.0 (Windows NT 10.0; Win64; x64; rv:65.0) Gecko/20100101 Firefox/65.0","194.187.179.54"
"2025-07-14","09:06:24","/favicon.ico","Mozilla/5.0 (Windows NT 10.0; Win64; x64) AppleWebKit/537.36 (KHTML, like Gecko) Chrome/102.0.5005.63 Safari/537.36","94.102.49.193"
"2025-07-14","09:06:24","/sitemap.xml","Mozilla/5.0 (compatible; CensysInspect/1.1; +https://about.censys.io/)","167.94.145.99"
"2025-07-14","09:06:24","/","Mozilla/5.0 (Windows NT 10.0; Win64; x64) AppleWebKit/537.36 (KHTML, like Gecko) Chrome/136.0.0.0 Safari/537.36","18.234.167.24"
"2025-07-14","09:06:24","/static/js/4967.ea02da353bc65fa59bb1.js","Go-http-client/1.1","156.229.21.54"
"2025-07-14","09:06:24","/","Mozilla/5.0 (Windows NT 10.0; Win64; x64; rv:65.0) Gecko/20100101 Firefox/65.0","194.187.176.46"
"2025-07-14","09:06:24","/cgi-bin/admin_console.cgi","Mozilla/5.0 (Macintosh; Intel Mac OS X 10_14_6) AppleWebKit/537.36 (KHTML, like Gecko) Chrome/81.0.4044.138 Safari/537.36","156.229.21.54"
"2025-07-14","09:06:24","/","curl/7.29.0","152.32.235.36"
"2025-07-14","09:06:24","/login","Mozilla/5.0 (Windows NT 10.0; Win64; x64) AppleWebKit/537.36 (KHTML, like Gecko) Chrome/108.0.0.0 Safari/537.36","167.99.191.155"
"2025-07-14","09:06:24","/","Mozilla/5.0 (Windows NT 10.0; Win64; x64) AppleWebKit/537.36 (KHTML, like Gecko) Chrome/131.0.6778.140 Safari/537.36","149.86.227.127"
"2025-07-14","09:06:24","/.json","Mozilla/5.0 (Linux; U; Android 2.3.6; es-es; GT-I9070 Build/GINGERBREAD) AppleWebKit/533.1 (KHTML, like Gecko) Version/4.0 Mobile Safari/533.1","78.153.140.203"
"2025-07-14","09:06:24","/","","94.103.183.240"
"2025-07-14","09:06:24","/cgi-bin/login","Hello from Palo Alto Networks, find out more about our scans in https://docs-cortex.paloaltonetworks.com/r/1/Cortex-Xpanse/Scanning-activity","198.235.24.146"
"2025-07-14","09:06:24","/","Mozilla/5.0 (compatible; CensysInspect/1.1; +https://about.censys.io/)","167.94.146.53"
"2025-07-14","09:06:24","/download/powershell/","Mozilla/5.0 (Windows NT 6.1; WOW64; Trident/7.0; rv:11.0) like Gecko","167.99.191.155"
"2025-07-14","09:06:24","/aaa9","Mozilla/5.0 zgrab/0.x","178.128.84.112"
"2025-07-14","09:06:24","/cgi-bin/login","Hello from Palo Alto Networks, find out more about our scans in https://docs-cortex.paloaltonetworks.com/r/1/Cortex-Xpanse/Scanning-activity","35.203.210.148"
"2025-07-14","09:06:24","/","Mozilla/5.0 (compatible; CensysInspect/1.1; +https://about.censys.io/)","199.45.154.129"
"2025-07-14","09:06:24","/client/.env","Mozilla/5.0 (Linux; Android 4.0.4; SCH-S738C Build/IMM76D) AppleWebKit/537.31 (KHTML, like Gecko) Chrome/26.0.1410.58 Mobile Safari/537.31","78.153.140.203"
"2025-07-14","09:06:24","/bapply.cgi","Mozilla/5.0 (Windows NT 10.0; Win64; x64) AppleWebKit/537.36 (KHTML, like Gecko) Chrome/129.0.6668.71 Safari/537.36","149.50.96.5"
"2025-07-14","09:06:24","/v1","","123.58.209.243"
"2025-07-14","09:06:24","/admin/login.asp","Mozilla/5.0 (Windows NT 10.0; Win64; x64) AppleWebKit/537.36 (KHTML, like Gecko) Chrome/131.0.6778.140 Safari/537.36","149.50.96.5"
"2025-07-14","09:06:24","/","Mozilla/5.0 (Windows NT 10.0; Win64; x64) AppleWebKit/537.36 (KHTML, like Gecko) Chrome/90.0.4430.85 Safari/537.36 Edg/90.0.818.46","45.194.66.6"
"2025-07-14","09:06:24","/favicon.ico","Mozilla/5.0 (Windows NT 6.1; WOW64; rv:53.0) Gecko/20100101 Firefox/53.0","47.237.137.157"
"2025-07-14","09:06:24","/backend/.env","Opera/9.80 (Android 4.1.1; Linux; Opera Tablet/ADR-1301080958) Presto/2.11.355 Version/12.10","78.153.140.203"
"2025-07-14","09:06:24","/","Mozilla/5.0 (Windows NT 10.0; Win64; x64) AppleWebKit/537.36 (KHTML, like Gecko) Chrome/88.0.4324.190 Safari/537.36","185.242.226.82"
"2025-07-14","09:06:24","/","Mozilla/5.0 (Macintosh; Intel Mac OS X 10_11_2) AppleWebKit/601.3.9 (KHTML, like Gecko) Version/9.0.2 Safari/601.3.9","93.123.109.22"
"2025-07-14","09:06:24","/cgi-bin/login","Mozilla/5.0 (SS; Linux x86_64; rv:127.0) Gecko/20100101 Firefox/127.0","65.49.20.68"
"2025-07-14","09:06:24","/","Mozilla/5.0 (Windows NT 10.0; WOW64) AppleWebKit/537.36 (KHTML, like Gecko) Chrome/52.0.2743.116 Safari/537.36","46.39.245.208"
"2025-07-14","09:06:24","/","Mozilla/5.0 (X11; Ubuntu; Linux x86_64; rv:76.0) Gecko/20100101 Firefox/76.0","68.69.185.162"
"2025-07-14","09:06:24","/cgi-bin/favicon.ico","Mozilla/5.0 (Windows NT 6.1) AppleWebKit/537.36 (KHTML, like Gecko) Chrome/49.0.2623.112 Safari/537.36","101.36.118.228"
"2025-07-14","09:06:24","/","Mozilla/5.0 (Windows NT 10.0; Win64; x64) AppleWebKit/537.36 (KHTML, like Gecko) Chrome/108.0.0.0 Safari/537.36","209.38.88.47"
